,Adj Close,log_returns,5d_return,omega,alpha[1],beta[1],h.1,h.2,h.3,h.4,h.5,5d_volaility,Quantiles
2021-01-01,14018.5,0.26249780699946657,2.0015640037780273,0.024342067194605552,0.08257742543733704,0.8883233024413736,0.8180637782499662,0.8186007849487058,0.8191221651433879,0.8196283735539062,0.8201198516681368,4.095534953564103,3
2021-01-04,14132.900391,0.8127554520008309,2.6699651922678522,0.024210109410430298,0.08223979408620989,0.8885855655189403,0.7951002408441189,0.7961135866500635,0.797097368456524,0.7980524487825541,0.7989796649835241,3.985343309716784,3
2021-01-05,14199.5,0.4701312331331071,6.330962640488674,0.02421834579336849,0.08199348985643365,0.8886000620309009,0.7422837920734003,0.7446742080502898,0.7469943303837872,0.7492462261602695,0.7514319016804456,3.7346304583481924,4
2021-01-06,14146.25,-0.37571814216639365,4.9259317573065395,0.024233119826543362,0.08179378215051207,0.8885441109487038,0.6985962596492656,0.7021075425416046,0.7055146733854321,0.7088207415499449,0.7120287447671407,3.527067961893388,4
2021-01-07,14137.349609,-0.06293676488728407,3.8669560572670147,0.02432816709208074,0.08177266448392294,0.8881867379713895,0.6442888641869917,0.6492622088075072,0.6540861511838267,0.6587651794486404,0.6633036469084507,3.2697060505354165,3
2021-01-08,14347.25,1.4738082560989716,4.257400903975367,0.02417319025561161,0.08175676368518317,0.888812338597758,0.7603928669227027,0.7621870124871312,0.7639283547369633,0.7656184477211503,0.7672587997515874,3.819385481619535,3
2021-01-11,14484.75,0.9538085628550319,4.313743629566473,0.02407563450062803,0.08152376269495802,0.8889844493013973,0.762101097495291,0.763701007991243,0.7652537342660235,0.7667606678666805,0.7682231593010513,3.8260396669202894,3
2021-01-12,14563.450195,0.5418606800645683,4.428358880444204,0.024094847691825065,0.08127945179707485,0.8890125602461211,0.7180752093247934,0.7208374873459179,0.7235177036448576,0.7261182961102667,0.7286416302060329,3.617190326631868,4
2021-01-13,14564.849609,0.009608621241169171,4.084383884810663,0.024530779330114473,0.08280569168386316,0.8872408485107055,0.6617958475206492,0.6665035515326526,0.6710702435217565,0.675500147285921,0.6797973601057437,3.354667149966723,3
2021-01-14,14595.599609,0.210902178961961,4.296717884301432,0.02446727220981069,0.08241555372039305,0.8874313011124189,0.6120184697540572,0.6180314602003735,0.623863140072873,0.6295189764556086,0.6350042715828537,3.1184363180657657,3
2021-01-15,14433.700195,-1.1154322956610923,2.918787781640873,0.024288436623402444,0.08168666741087262,0.8883360295824535,0.6848338349899317,0.6885928002326184,0.6922390818352335,0.6957760577493994,0.6992070046648592,3.460648779472042,3
2021-01-18,14281.299805,-1.0614788156525399,1.0445535139875024,0.024229850560974358,0.08137828216257892,0.8886922796819644,0.7376588849366961,0.7398110195211345,0.7418987419266256,0.7439239799734959,0.7458886037834924,3.7091812301414446,3
2021-01-19,14521.150391,1.6655258760356288,2.239948156890024,0.024200308862636168,0.0816044802160092,0.8886440197019625,0.8874014240539562,0.8852002093760589,0.8830644841368318,0.8809922999272348,0.8789817663063195,4.415640183800401,3
2021-01-20,14644.700195,0.8472274289597841,3.462893728016202,0.024211123947622367,0.08137126678799533,0.8886780668721316,0.8599747154025466,0.85842902358842,0.8569296262740826,0.8554751369084178,0.8540642104684388,4.2848727126419055,3
2021-01-21,14590.349609,-0.37181840961644025,3.1540120832870455,0.02425263081387287,0.0810717965416953,0.8888354096512904,0.8038924785467388,0.803953738760695,0.804013155483664,0.8040707841914401,0.8041266786903956,4.020056835672934,3
2021-01-22,14371.900391,-1.5085386022917693,0.17166522489630487,0.02432890090661292,0.08142715039812876,0.88860724958184,0.943965794234399,0.9400081937183928,0.9361691850764884,0.9324452146320207,0.9288328351963783,4.681421222857679,3
2021-01-25,14238.900391,-0.9297255190007547,-1.7118688569594818,0.024386259302107586,0.08139102226490476,0.8885095855082343,0.9443481787604796,0.9403101318313538,0.9363936276605782,0.9325950078849969,0.9289107242559616,4.68255767039337,3
2021-01-27,13967.5,-1.9244480917919755,-4.178177628816026,0.02456621535242852,0.08260934241932272,0.8875782459700386,1.1969412862906033,1.1858237953423691,1.1750377436103612,1.1645732500922417,1.154420728362181,5.876796803697757,2
2021-01-28,13817.549805,-1.0793693145318457,-5.267155564589041,0.024611357513728428,0.08266069635764318,0.8873452006916166,1.1953932009849284,1.1841498117617,1.1732436579123484,1.1626646243643508,1.1524028994377113,5.86785419446104,2
2021-01-29,13634.599609,-1.3328858282615788,-6.81094357181258,0.02482551588244714,0.08359241288107785,0.8864979884705746,1.2541052088071187,1.2414209412313428,1.2291160550079065,1.217179202992827,1.205599377430643,6.147420785469839,2
2021-02-01,14281.200195,4.633334972533945,-1.0621763036175427,0.02534028306706603,0.08788604910900966,0.8834724910501834,2.992381215855093,2.9320153324998603,2.8733784161685016,2.8164209467214363,2.761094822348173,14.375290733593065,3
2021-02-02,14647.849609,2.534953967202384,2.5342564792373814,0.02563650491877756,0.08997217939070767,0.8812220984926123,3.2514044469024634,3.1833818988348312,3.1173187893845036,3.0531586755071656,2.990846740041153,15.596110550670119,3
2021-02-03,14789.950195,0.9654368918416697,1.8341674950434221,0.025630482255691256,0.08896517014002306,0.8818809673188452,2.9396513518219574,2.8795796426477795,2.8212592558254763,2.7646391335439358,2.7096697065244535,14.114799090363602,3
2021-02-04,14895.650391,0.712134102832986,1.6990741689166242,0.025665628550674172,0.08811636698268378,0.8826379245795374,2.642153094766839,2.590547084259987,2.5404503280900554,2.491818687044748,2.4446093127943027,12.709578506955932,3
2021-02-05,14924.25,0.19181564924052172,2.2627082277735857,0.02572244892393795,0.08697745301530767,0.883276708654371,2.3410531521867455,2.297139012523047,2.2545311357582007,2.2131906660071996,2.1730799031859114,11.278993869661104,3
2021-02-08,15115.799805,1.2753134726059772,5.046560302671333,0.02579345395944458,0.08686531098722315,0.8832679768506867,2.2168268856598727,2.1764110091121314,2.1372022219160196,2.099164472281319,2.0622627851662516,10.691867374135594,4
2021-02-09,15109.299805,-0.043010611604754355,5.933275210067333,0.02596411070723092,0.08616983423826892,0.8835469889516434,1.9765864128247403,1.9426932077119827,1.9098263965223152,1.8779548967870883,1.847048567313546,9.554109481159673,4
2021-02-10,15106.5,-0.018532059558792155,7.839191242300516,0.026242549542141416,0.08568715400889425,0.8833018685029428,1.7628562449197285,1.7344308991357966,1.7068870511100636,1.680197364735394,1.6543353516240553,8.538706911525038,4
2021-02-11,15173.299805,0.4412176685303218,9.359778225362684,0.02658568665384523,0.08540034338106359,0.8829105156385599,1.5871477584360172,1.563438096016095,1.5404797724311947,1.5182489783990496,1.4967226591330947,7.706037264415452,4
2021-02-12,15163.299805,-0.0659269693423401,10.626737084281922,0.02694837235867647,0.08522984616965282,0.8824717020799293,1.4234386954739466,1.40441220180718,1.386000234428089,1.3681829450890222,1.3509411266099962,6.932975203408234,4
2021-02-15,15314.700195,0.9935142421101535,6.98691635385813,0.02712893810396681,0.0853065155424693,0.882096306754899,1.3518194842299778,1.3348829223846201,1.318498444655407,1.3026480546582981,1.2873143426405809,6.595163248568884,4
2021-02-16,15313.450195,-0.008162425642930075,4.443799961012815,0.027651528322955546,0.08552905147389693,0.8810433496037753,1.2118894696824405,1.199030442874659,1.1866012624575393,1.1745875596983364,1.1629754461765403,5.935084180889516,4
2021-02-17,15208.900391,-0.6850731407721643,2.7932899283989823,0.027226626137034048,0.08541759730470425,0.8820015539360411,1.1530592341266577,1.1427182117461492,1.1327141086518357,1.1230359477274103,1.1136731095003314,5.665200611752384,3
2021-02-18,15118.950195,-0.5931871729716066,1.4879686525943896,0.027596462780536898,0.08588337120265822,0.8808040498517646,1.0742137460074135,1.0660253785696543,1.058109786768601,1.050457883744321,1.0430608853436214,5.2918676804336116,3
2021-02-19,14981.75,-0.9116143097515098,0.38453869360235804,0.027549206742200513,0.08611220975800235,0.880981552959814,1.0614863999290607,1.0541060833233846,1.0469686251671524,1.0400660339026009,1.0333905809440627,5.2360177232662615,3
2021-02-22,14675.700195,-2.063971566159967,-2.954746345163586,0.026785413449714638,0.08547442063857402,0.8830676206911188,1.3674851538840604,1.3512522758806318,1.335530051082535,1.320302415382342,1.3055538100166522,6.680123706246221,2
2021-02-23,14707.799805,0.21848740122465457,-2.6932483323341776,0.02700163654163615,0.08514556387920338,0.8828871708936017,1.2317760394598407,1.2194011646475604,1.2074218807405577,1.195825541779442,1.1845999060615606,6.039024532688961,2
2021-02-24,14982.0,1.847152847927305,-0.8275634248480801,0.026501680934248515,0.08517063775328146,0.88373846357591,1.3889463861828824,1.372264475765133,1.3561012209338175,1.3404404962206529,1.3252666775126567,6.783019256615143,3
2021-02-25,15097.349609,0.766972530651488,-0.5018085627269141,0.026631488015370776,0.08509754861366028,0.8833496747933713,1.2902165346505063,1.2761381085914958,1.262503895964706,1.24929988060295,1.2365124885880339,6.314670908397693,3
2021-02-26,14529.150391,-3.836220270565476,-4.27210186395005,0.026111678166157167,0.08613227011539963,0.8839783534550854,2.4974404420571465,2.4489051827403636,2.401820612059404,2.3561433698355496,2.311831391898786,12.01614099859125,2
2021-03-01,14761.549805,1.5868810872378962,-3.678735018822308,0.026092697597528774,0.08629976118036876,0.8840159706453256,2.4360420009635897,2.3898225745206427,2.3449751379270913,2.3014589646683126,2.259234537166467,11.731533215246102,2
2021-03-02,14919.099609,1.0616431033423475,-2.60892948983703,0.02613284641721862,0.08584070172798479,0.8843870485275257,2.2586399958830583,2.2175280482599535,2.1776400958089663,2.1389396974401462,2.101391496996774,10.894139334388898,2
2021-03-03,15245.599609,2.1648666152931164,0.24101026622825072,0.0261696586735854,0.08727213267825867,0.8831125100269129,2.415960372372875,2.370580501408491,2.3265445715367106,2.2838127814618927,2.242346508617988,11.639244735397957,3
2021-03-04,15080.75,-1.087181509419586,-0.2529840702197287,0.026308122376235483,0.08731550047738759,0.882694565768999,2.2733541684379275,2.2314845499042084,2.1908705984566046,2.151474656722387,2.11326019667094,10.960444170192066,3
2021-03-05,14938.099609,-0.9504126016711029,-0.29178236213932174,0.026539554376029853,0.08750446317922102,0.8820258026565415,2.120170921996576,2.082109431996624,2.045207665478865,2.009430285977093,1.9747430337178333,10.23166133916699,3
2021-03-08,14956.200195,0.12109725486562864,1.893286458886274,0.026338856068499807,0.08722703997726232,0.8826885424933417,1.9004429747008131,1.8696081108276064,1.8397008958736234,1.8106934220614574,1.7825586212029296,9.20300402466643,3
2021-03-09,15098.400391,0.9462861215541525,2.621085179215772,0.02685858109697083,0.08786612624667094,0.8816828147569409,1.769638174690473,1.7426093993276834,1.7164036787980665,1.6909959502103398,1.666361913864802,8.586009116891365,3
2021-03-10,15174.799805,0.5047340598219027,1.2786663911103697,0.027646989934921217,0.08868508022557021,0.8801998172979308,1.5994415018286894,1.5773217055290456,1.5558901689580245,1.5351254768436395,1.5150068802522865,7.782785733411686,3
2021-03-12,15030.950195,-0.9524722776658865,-0.44077841720700484,0.027374031272423608,0.08820948611059934,0.8807819852162851,1.5284091769683241,1.5083894884524727,1.4889905810219917,1.470193205168796,1.4519787082837234,7.447961159895308,3
2021-03-15,14929.5,-0.6772300288045202,2.718211824553951,0.027246394961880697,0.08781617592973721,0.8810884360229574,1.4213617734676143,1.4044103725279133,1.387986081978378,1.372072511116882,1.3566537789165427,6.94248451800733,3
2021-03-16,14910.450195,-0.1276798886288503,1.0036508486872047,0.027432219687685847,0.08766554204970878,0.8808096805704833,1.278657879833418,1.265780694514418,1.2533094595958783,1.2412313775817965,1.2295340544143838,6.268513465939895,3
2021-03-17,14721.299805,-1.276691111335284,-1.3346833659904267,0.027096452594109192,0.087356298340991,0.881546976369423,1.3169591180525193,1.303102454734934,1.2896766882699657,1.276668419176561,1.2640646646536466,6.450471344887626,3
2021-03-18,14557.849609,-1.1165071200961487,-4.616057101379692,0.026792531124441635,0.08706372963362975,0.8820425263888914,1.3118741240508835,1.2981379518562177,1.2848261414485644,1.271925582703522,1.2594235705175154,6.426187370576704,2
2021-03-19,14744.0,1.270588019603426,-2.2582875723566795,0.0264777667349272,0.08694193212916829,0.8824346466643523,1.310501236129098,1.2968469715184319,1.283610847204203,1.27078005829999,1.2583421920488023,6.420081305200525,3
2021-03-22,14736.400391,-0.05155702817835796,-1.3594319988639345,0.026836308996337536,0.0870300534634941,0.8818535944441943,1.1805981217665367,1.170698523926465,1.1611069654583572,1.1518138613006572,1.1428099246439587,5.8070273970959745,3
2021-03-23,14814.75,0.5302656008343999,-0.9502636528951635,0.027036629388211664,0.08717066702947235,0.8812578690124928,1.0815744779633616,1.0744642177026227,1.0675784387674379,1.0609100539537282,1.054452199810823,5.3389793881979735,3
2021-03-24,14549.400391,-1.8073523566296257,-3.7039021310789417,0.026362296660488338,0.08668249299039198,0.8826585040599326,1.2935127897103231,1.2802172739356399,1.2673293854183099,1.2548366267130477,1.2427268835337801,6.338622959311101,2
2021-03-25,14324.900391,-1.555047345901228,-5.7636835368020725,0.026171059976509852,0.08664985758613453,0.883142502954025,1.4004885387448784,1.384354145875344,1.368707134928516,1.353532783246994,1.3388168129101043,6.845899415705836,2
2021-03-26,14507.299805,1.265264850454342,-3.5459464086818437,0.026196385577385052,0.08684259994257766,0.8831518417566788,1.389555916904661,1.37405790140522,1.3590249125133935,1.344442996846195,1.3302986196996853,6.797380347369154,2
2021-03-30,14845.099609,2.3017860555899663,-0.5669303242873571,0.025625711104997617,0.08762804379334363,0.8833457516105218,1.6968092475932997,1.6731830263170409,1.6502425845733804,1.627968016785297,1.606339995159121,8.25454287042814,3
2021-03-31,14690.700195,-1.0455164341441692,-1.4847668698026761,0.02564053020912886,0.08778425073350661,0.8829740302724148,1.6316207700050844,1.6095499041528225,1.5881244283577685,1.5673254703052277,1.5471347095394292,7.943755282360332,3
2021-04-01,14867.349609,1.1952853340136047,0.9872095755462125,0.025636879638080208,0.08769719143029517,0.8831592252462614,1.5782640286781773,1.5579046390900815,1.5381385950688609,1.5189486043985476,1.5003178788203106,7.693573746055978,3
2021-04-05,14637.799805,-1.5560296432615794,0.5476870523807815,0.02558219626085026,0.0882826489051417,0.8826322068523244,1.6540614833728284,1.6315350628037604,1.6096638264262115,1.5884287181134664,1.5678112359890033,8.05150032670527,3
2021-04-06,14683.5,0.31172036921621044,-0.41118059800643386,0.025891963752551355,0.08802270535582175,0.8827373045043652,1.4906271737271917,1.4729332136178224,1.4557566247275853,1.4390822791271345,1.4228954912276288,7.281294782427363,3
2021-04-07,14819.049805,0.918908770298526,0.55928520047045,0.025895605986494544,0.08802896173040999,0.8825007650764777,1.4021902363693555,1.3867629130213304,1.37179023710701,1.3572588100423166,1.3431556281031056,6.861157824643119,3
2021-04-08,14873.799805,0.3687760707859114,0.3977956704219617,0.02611770128792508,0.08802749361311452,0.8819962798458825,1.2665665796971413,1.2547173942628014,1.2432234026953677,1.2320739576230197,1.221258730841967,6.217840065120297,3
2021-04-09,14834.849609,-0.2622146686949638,1.9429333583566237,0.026370242621076224,0.08817700982936286,0.881301765039847,1.1480452557763847,1.1393757506855744,1.1309708495114132,1.1228224762181906,1.1149228012607002,5.656137133452264,3
2021-04-12,14310.799805,-3.596463277012432,-0.09848257275458083,0.02552554275366836,0.08797497408130717,0.8838887036916652,2.243727472158882,2.2061227757662536,2.169576137228578,2.134057786689113,2.099538791905399,10.853022963748225,3
2021-04-13,14504.799805,1.346513234440828,-0.017234188768094683,0.02547377797108082,0.08823450371643018,0.8835419366610633,2.152744592425941,2.1174602550406596,2.0831717672553127,2.049851022649341,2.017470708065422,10.420698345436676,3
2021-04-15,14581.450195,0.5270570626233205,-1.7919631817347406,0.025514277388028157,0.08746390196560908,0.8841135269793173,1.9391965142811511,1.9095938409522721,1.8808325517095037,1.8528887322538732,1.8257391479922704,9.408250787189072,3
2021-04-16,14617.849609,0.2493171623904536,-0.4971295852001177,0.025637642233233796,0.08722468250192146,0.8839037992892912,1.7366638484716617,1.7121613687812032,1.6883663128792883,1.6652582563671245,1.6428173645293214,8.445267151028599,3
2021-04-19,14359.450195,-1.7835082304939158,-3.475923149707638,0.025548464194542778,0.08729936151822418,0.8842981998517917,1.8662322006040535,1.8387751192516393,1.8120978859672956,1.7861783511641283,1.7609949943575256,9.064278551344643,2
2021-04-20,14296.400391,-0.4400490961089962,-2.359942602555055,0.02561710138018061,0.08712749010976417,0.8841331024389798,1.6936544887135525,1.6705969636609457,1.6482020982156431,1.6264508479331894,1.605324715695177,8.244229114218507,3
2021-04-22,14406.150391,0.7647441212600603,-1.906918850511205,0.026168354194815165,0.08746141449182329,0.8834355097609661,1.5644500049846628,1.5450880521816852,1.5262895917577466,1.508038224351457,1.4903180278732826,7.634183901148834,3
2021-04-23,14341.349609,-0.4508280146382929,-3.276655635448024,0.026312889499828154,0.08727252451468959,0.8834060551202113,1.429640583998724,1.41403438096412,1.3988857739689964,1.3841813456475227,1.3699080720500914,6.996650156629455,2
2021-04-26,14485.0,0.9966685485351009,-2.648763157698834,0.0261856992956575,0.08723692471630336,0.8834123481154899,1.3633662871684256,1.3495361945390716,1.3361120251851928,1.3230818649634795,1.3104341494193916,6.682530521275561,2
2021-04-27,14653.049805,1.1534860391467765,-1.2330624498570943,0.02600686254337361,0.0873411135505208,0.8833994283992989,1.3331102884896198,1.3201110664706674,1.3074921946430638,1.2952425441663404,1.2833513118238702,6.539307405593562,3
2021-04-28,14864.549805,1.4330678808531387,3.7964687080084762,0.025700884217980537,0.08754183888085088,0.8835548390240704,1.368303783383396,1.3544561426263313,1.3410087446903252,1.327950021228204,1.3152687382564592,6.706987430184715,3
2021-04-29,14894.900391,0.2039728309688733,2.653928304536522,0.0259541302464339,0.08760812075119405,0.883024742285918,1.232046497657188,1.221818949662277,1.211891755470127,1.202256094549475,1.1929034054028076,6.060916702741875,3
2021-04-30,14631.099609,-1.7869525279414185,0.3399187139717832,0.02563733903882415,0.08733453832839445,0.8841504612746633,1.4237302973594015,1.4087699664038837,1.3942362292915007,1.3801169216986466,1.3664002261674073,6.97325364092084,3
2021-05-03,14634.150391,0.02084917785461795,0.11145072943594744,0.02578534010738687,0.08731750752509099,0.8837029474687575,1.2798951849246203,1.2685897449173276,1.2576119314175407,1.2469522499581398,1.236601481217343,6.289650592434971,3
2021-05-04,14496.5,-0.9450624250624113,0.949896534867452,0.026150652418745392,0.08793333738227019,0.8829364038156691,1.2470197237316352,1.2368443688668036,1.2269654247225874,1.2173742567779833,1.2080624820378199,6.13626625613683,3
2021-05-05,14617.849609,0.8336116956264668,2.223557326602915,0.02609912060049615,0.08793890032642189,0.88280914645939,1.1768787096112812,1.168551829259454,1.1604685264220986,1.1526216759811576,1.1450043612421938,5.8035251025161845,3
2021-05-06,14724.799805,0.7289775923716935,2.1877907977145483,0.026199628351020018,0.088025038734106,0.8825312039184809,1.101799837068953,1.0955583383718956,1.0895006128479585,1.0836212495244255,1.0779149967479478,5.44839503456118,3
2021-05-07,14823.150391,0.6657040407715988,3.3043228531244395,0.026386719462915244,0.08818978227113164,0.8821279462985558,1.0281984047266435,1.0240658600562482,1.0200559786984575,1.016165119727532,1.0123897502886787,5.10087511349756,3
2021-05-10,14942.349609,0.8009262750599546,3.108580579649294,0.02642599653089095,0.08831688665781445,0.8818874816621828,0.97906836751675,0.9763224035795703,0.9736582573724694,0.9710734910844969,0.9685657395408197,4.868688259094106,3
2021-05-11,14850.75,-0.6149067993930188,1.3401877411094982,0.0264301889177291,0.08847667813294124,0.8815143877192843,0.9286027752869642,0.9271665846716662,0.9257734926059663,0.9244222057483278,0.9231114695690149,4.6290765278819395,3
2021-05-12,14696.5,-1.0440998826452301,-1.1369800223888706,0.026276173668497292,0.08856207586763513,0.8815153866412162,0.9541942685222943,0.951918528417094,0.9497108842305118,0.9475692983598696,0.9454917941727322,4.748884773702502,3
2021-05-14,14677.799805,-0.12732352873378475,-1.4682763820915288,0.026915122255171023,0.08943188527050862,0.880237823861195,0.869312730285629,0.8698613445757241,0.870393319234826,0.8709091589477828,0.8714093530922042,4.351885906136166,3
2021-05-17,14923.150391,1.6577589787833973,1.976435124633287,0.026039423404875067,0.08844162485184831,0.8823281115016203,1.0224360691679069,1.0185894167092808,1.014855202916177,1.0112301411767581,1.0077110409477172,5.074821870917839,3
2021-05-18,15108.099609,1.231727326002346,3.187313272781015,0.025829221401226454,0.08846964593006958,0.8825808530561653,1.048355219782371,1.0438350806857217,1.0394457973604332,1.03518358159722,1.0310447548535646,5.19786443427931,3
2021-05-19,15030.150391,-0.5172788188563332,3.6150968789870928,0.025832589345317663,0.08834033887161376,0.8825556151847384,0.9803670979152611,0.9776670382012123,0.9750455611491317,0.9725003796856151,0.9700292733003476,4.875609350251568,3
2021-05-20,14906.049805,-0.8291052043489264,1.9523799790116998,0.02593040347975558,0.08846914279307888,0.8824353568374628,0.9631393937369835,0.9610467746304249,0.9590150413238541,0.9570424223144554,0.9551271976421734,4.795370829647891,3
2021-05-21,15175.299805,1.7901935531927142,3.0135959398327206,0.025405846814242315,0.08839926939952898,0.8833343534106217,1.1407791227523,1.1339392765925205,1.1272927681042137,1.120834132331833,1.1145580587943262,5.6374033585751935,3
2021-05-24,15197.700195,0.14750201864384063,2.495393917704962,0.02541286627539286,0.08814787177014957,0.8832807447355804,1.0308106153135992,1.0267717961889027,1.022848371714282,1.0190370449049364,1.0153346129754826,5.114802441097202,3
2021-05-25,15208.450195,0.07070938155614827,1.7651770242011562,0.02553202736618268,0.08822501413147163,0.8828251544899435,0.9331643349242531,0.9316814121458693,0.9302414197318672,0.9288431148554369,0.9274852906693951,4.651415572326822,3
2021-05-26,15301.450195,0.6096400633781369,2.989723886972312,0.025638314721198308,0.08808432081883949,0.8828807384254035,0.875012649719153,0.8752450239952178,0.8754706512979438,0.8756897275253023,0.8759024428873784,4.377320495424995,3
2021-05-27,15337.849609,0.23759962764701467,4.271423397264557,0.025841337973371514,0.08844749901506398,0.8821010089781854,0.7975661343818958,0.7999179597236641,0.8022005203001779,0.8044158560621175,0.8065659468805721,4.010666417348427,3
2021-05-28,15435.650391,0.6356190311263046,5.0343659571246455,0.026032767392083347,0.08906972997082697,0.8810948970353194,0.7539473381351175,0.7574858054762166,0.7609187013243673,0.7642491754444395,0.7674802836268929,3.804081304007034,4
2021-05-31,15582.799805,0.9487934886850976,4.325400467026347,0.026097107773188008,0.08962256349510181,0.8803371815215275,0.7560119967708485,0.759398311390553,0.7626829002556277,0.76586881923368,0.7689590323932752,3.8129210600439842,3
2021-06-01,15574.849609,-0.05103206642388732,3.042641074600113,0.02597557089143061,0.08914927075846958,0.8810092841389255,0.6950939269915286,0.7003268906194875,0.7054036950506186,0.7103290003010215,0.715107327325181,3.5262608402878373,3
2021-06-02,15576.200195,0.00867120696954649,3.568591100425993,0.026562305698522352,0.09017849066226685,0.8794999728018357,0.6371483389419812,0.6443913280024878,0.6514146985055672,0.6582251096233325,0.6648290186115658,3.2560084936849343,3
2021-06-03,15690.349609,0.7301728004762823,5.127869105251201,0.02699151235179469,0.09095560177201457,0.8785690218091667,0.6266924310549375,0.6345852556715085,0.6422375434868817,0.6496566249506162,0.6568496071140615,3.2100214622780054,4
2021-06-04,15670.25,-0.1281838485408854,3.209491703517602,0.027026842160433884,0.09106436707923904,0.8782590703921405,0.5797546068601933,0.5889965705720246,0.5979550226061627,0.606638660126316,0.6150559134971063,2.988400773661803,3
2021-06-07,15751.650391,0.5181136219060585,3.5801033067798196,0.027029638228034992,0.09124600522341397,0.8779938218827328,0.55299877840588,0.5630180786000605,0.5727291833879926,0.5821415729136575,0.5912644357101687,2.862152049017759,3
2021-06-08,15740.099609,-0.0733575143838425,3.436036410839829,0.02701169459753973,0.09157177430315144,0.877546675086487,0.5124865387173082,0.5236718543323203,0.5345117500570746,0.5450168929933938,0.5551976208264561,2.670884656926553,3
2021-06-09,15635.349609,-0.6677220043233457,2.1586743431383466,0.02683781561528134,0.09115651593187342,0.8781007456187877,0.5275299241363665,0.5381500252697239,0.548443635411633,0.55842079178925,0.5680912230578816,2.740635599664855,3
2021-06-10,15737.75,0.652793354281816,2.5738680697731473,0.026680057209321307,0.09114694130949824,0.8781719919912203,0.5198991646253828,0.530628160887932,0.5410279801005335,0.5511087217662128,0.5608801755244692,2.7035442029045305,3
2021-06-11,15799.349609,0.3906490330518219,2.328898071698665,0.026654599564233054,0.09157696207117845,0.8776976483043429,0.4907234255856927,0.5023003567009465,0.5135215820970284,0.5243980309707515,0.5349402967150989,2.565883692069518,3
2021-06-14,15811.849609,0.07908589968584234,1.4591904826994098,0.02673458302102752,0.0920688488571525,0.8771481315111535,0.4564306814658946,0.46911494985884994,0.4814087581688513,0.49332412593629765,0.5048727027038398,2.4051512181337333,3
2021-06-15,15869.25,0.3623640247193394,1.8725865738426364,0.026700025115919186,0.09273120855977435,0.8764187360692995,0.43219608862655984,0.445562840477252,0.4585172272932208,0.4710719705586206,0.4832393992991151,2.290587526254768,3
2021-06-16,15767.549805,-0.6429256179148721,1.2209897489582178,0.026711231616085327,0.09240125474171723,0.8767681950408903,0.4538832107428743,0.4666009732373201,0.478926640116528,0.4908722999040537,0.5024496684276202,2.3927327924283963,3
2021-06-17,15691.400391,-0.48412017726685974,0.006696771215075725,0.026657019402629652,0.09248407286295564,0.8766935400761322,0.4526079275067934,0.46531449018097143,0.4776294062621922,0.48956474723333493,0.5011322125053611,2.386248783688653,3
2021-06-18,15683.349609,-0.051320135948152726,0.08356048380780841,0.026624109645105937,0.09280482077352821,0.8764123834188978,0.424010524554611,0.43758240480209004,0.4507365046311861,0.46348568449121064,0.47584240895089003,2.251657527429988,3
2021-06-21,15746.5,0.4018503223331066,-0.0327028157651435,0.026607550141303452,0.09354894360052175,0.8756190902341501,0.40617617756310187,0.42026051754061744,0.43391060962448524,0.44713984253106964,0.45996119217628495,2.167448339435559,3
2021-06-22,15772.75,0.16656491552922154,0.20721961414792053,0.026608825177546046,0.09389626755521856,0.8754875233634243,0.38320281440555026,0.39807942209669145,0.4125005644563393,0.4264801861063122,0.4400318047369713,2.0602947918018644,3
2021-06-23,15686.950195,-0.5454598562542144,0.32948176221705183,0.02663996045545573,0.09369837204448671,0.8756842236266428,0.3984796531417268,0.4129192009401142,0.4269166472652323,0.44048552811664266,0.45363896505673507,2.132439994520451,3
2021-06-24,15790.450195,0.6576170313575247,0.3343054392927606,0.026634245327917413,0.09382155105758001,0.875419898737556,0.4069257479391413,0.42104354721942083,0.43472710346175564,0.4479897733524295,0.46084450274542055,2.171530674718168,3
2021-06-25,15860.349609,0.4416920145643323,0.385348420805271,0.02656261382441593,0.0939672774139778,0.8754051111344607,0.3953661187818583,0.40981961273911155,0.4238304306993246,0.43741213077093366,0.45057785580989784,2.117006148801126,3
2021-06-28,15814.700195,-0.2882359831291294,0.01802653799029924,0.02651992076853649,0.09446490230403627,0.8748692721149549,0.383362371540825,0.3981261686893686,0.4124372218096416,0.42630941467104777,0.43975620528574,2.059991381996623,3
2021-06-29,15748.450195,-0.41979394625275956,-0.7641314329817996,0.026590781989058204,0.09499486180006067,0.8741707929587546,0.3836303229688931,0.3983921151345412,0.41269873710417515,0.42656422375276226,0.4400021771990898,2.0612875761594616,3
2021-06-30,15721.5,-0.17127578163482,-0.29248159670174756,0.026465556366342756,0.09516914732711299,0.8741393541242802,0.36660806515809896,0.3818218706247344,0.3965687416029718,0.41086300901198414,0.42471856393355933,1.9805802503313488,3
2021-07-01,15680.0,-0.26431873739428874,-0.07268015682917656,0.026394070084242563,0.09521137687021909,0.8742667231983544,0.3580420722646478,0.3735080180479882,0.3885019137817846,0.40303816733041187,0.41713074680285006,1.9402209182276824,3
2021-07-02,15722.200195,0.26877237990945885,0.247412359028435,0.02609281537694192,0.09576613863624825,0.8740394971417679,0.34066125530848185,0.3564680206663213,0.3717975107937746,0.38666413671298233,0.4010818743144335,1.8566727977959936,3
2021-07-05,15834.349609,0.7107867422886027,0.5563487789839312,0.026168874721629765,0.09564462077870897,0.8739297660347145,0.3627778539824493,0.37790899004615275,0.3925797520169084,0.4068041470587896,0.42059575615931344,1.9606664992636136,3
2021-07-06,15818.25,-0.10172693925459683,0.28805692420011286,0.025974223337243675,0.09551536771345776,0.8744069049463835,0.3459789976030959,0.3615469589850122,0.37664667146924113,0.39129221891845467,0.40549726158474336,1.8809621085605475,3
2021-07-07,15879.650391,0.38741031448436863,1.220927094938696,0.0259762467402545,0.09566063844597478,0.8745121196804049,0.33854202395389765,0.35442049586129426,0.36982535674652545,0.3847707331201034,0.39927033013769436,1.846828939819515,3
2021-07-08,15727.900391,-0.9602209739149662,-0.396910910333795,0.026394415918700957,0.09507807583680557,0.8746104764134082,0.42599735497968694,0.43947917433137396,0.45255234022021024,0.46522923952428274,0.4775218836574706,2.2607799927130245,3
2021-07-09,15689.799805,-0.24254228947433448,-1.0811452143724618,0.026172246054181184,0.09496688431191759,0.8749189429497204,0.4070799251873465,0.42099329605611646,0.4344876772711714,0.4475756863593188,0.46026956088098453,2.1704061457549377,3
2021-07-12,15692.599609,0.017843148132139983,-0.7750660831111924,0.025885063419848302,0.09501186944927528,0.8751824406099239,0.38127388271275425,0.39579481500194097,0.4098829408856648,0.4235511604574514,0.4368119893146385,2.04731478837245,3
2021-07-13,15812.349609,0.7602016805261218,0.40492954366768896,0.026075607780751086,0.09546167039563007,0.8743567720984954,0.40475899181671027,0.4186183428099255,0.4320593970041449,0.4450947792482619,0.457736733353567,2.1582682442326093,3
2021-07-14,15853.950195,0.2627437382308835,0.8389490635333925,0.025854986035338003,0.09591710762762995,0.8740997402567718,0.38176421161203583,0.39617270321831877,0.4101491828290142,0.4237066035255016,0.43685753001495103,2.0486502311998214,3
2021-07-15,15924.200195,0.4421284031550803,1.5453962040827616,0.026131440519094797,0.09691663425648557,0.8731056361791046,0.3736717838833204,0.38860139271931043,0.40308344577911276,0.4171313597687509,0.43075814919186356,2.013246131342358,3
2021-07-16,15923.400391,-0.005022695496373429,1.271601128676929,0.025973533952738895,0.09698488435011453,0.8733220405076731,0.3525339252080415,0.36803964282939894,0.38308494801229154,0.39768351181785094,0.41184859937136353,1.9131906272389467,3
2021-07-19,15752.400391,-1.079699057128631,-0.5188846707403045,0.026486960411114816,0.0965600228095019,0.8731814725960618,0.4640557349658834,0.4765010627884586,0.4885698136019351,0.5002733820634728,0.5116228180449459,2.441022811464696,3
2021-07-20,15632.099609,-0.7666292035424337,-1.1837869350281414,0.026680607622142014,0.09666761373538085,0.8728994392654904,0.49935057068642885,0.5108344688568861,0.5219688781629784,0.5327644345807918,0.5432314504023158,2.608149802689401,3
2021-07-22,15824.049805,1.2204454908265527,-0.3507517586859572,0.02727270933391689,0.09775782579047296,0.8712268202657327,0.5950374440188075,0.6038548564166705,0.6123987936481452,0.6206777376423122,0.6286999072582192,3.060668738984155,3
2021-07-23,15856.049805,0.20201963552589214,0.811488850754901,0.026985681774022587,0.0971353501883656,0.872080258822857,0.5459699523800038,0.5561482816718362,0.5660132772951363,0.5755745850360662,0.5848415537411352,2.8285476501241775,3
2021-07-26,15824.450195,-0.19948940502511459,0.8545417352041209,0.026708776821220165,0.09679150785713483,0.8725847537148664,0.5086277226304552,0.5197604171166116,0.5305521868788251,0.5410134723066654,0.5511543940659429,2.6511081929985,3
2021-07-27,15746.450195,-0.49412691903814215,0.34257166803383876,0.026605614532949923,0.09671760196467222,0.8726955295128559,0.5003776549748411,0.5116782839634928,0.5226332620990474,0.5332531617587031,0.5435482319437471,2.6114905947398315,3
2021-07-28,15709.400391,-0.23556712308082772,-0.6531971355731108,0.026467135361787717,0.09650550020869032,0.8730458513766797,0.4718537172491618,0.48395354467129353,0.4956849487023711,0.5070591473366964,0.5180870169958071,2.47663837495533,3
2021-07-29,15778.450195,0.43858131563798763,-0.4773595581660066,0.026302443115610474,0.0966133669487981,0.8730408845801518,0.4506440503747678,0.4632713624877303,0.4755154893634475,0.4873880590447465,0.4989003467127918,2.375719307983484,3
2021-07-30,15763.049805,-0.09765160961777178,-1.0171395709388587,0.02633927200508778,0.0966928042302552,0.8731831510107798,0.4231267065635946,0.43671969072144723,0.4499031992161208,0.46268956711082065,0.4750907578867559,2.247529921498739,3
2021-08-02,15885.150391,0.7716153908011374,-0.2405014846413478,0.026497050566739774,0.09677464848165274,0.8729137014965758,0.44436408507460157,0.4573917270123153,0.4700244796270041,0.48227431266562487,0.4941528330523538,2.3482074374318995,3
2021-08-03,16130.75,1.5342653104611343,2.3734628829484175,0.027143270445214748,0.09696475108357275,0.8721496599077516,0.6252280988696088,0.6330608312164612,0.6406516450112337,0.6480080120508995,0.6551371733615813,3.2020857605097848,3
2021-08-04,16258.799805,0.7906900398420563,3.9307821263329075,0.02717259183525996,0.09710084007121608,0.8719766696481913,0.6230504407549668,0.6309567613916623,0.6386185989053145,0.6460435133229191,0.6532388308966113,3.1919081452714737,3
2021-08-05,16294.599609,0.21994519206287194,2.930281827569227,0.026914520730128608,0.09665623542301897,0.872568164623546,0.5710128789593307,0.5803541357583478,0.589407909775056,0.5981830484645572,0.6066881269962143,2.945646099953506,3
2021-08-06,16238.200195,-0.3467237424466853,2.381538449596649,0.026764263759841315,0.0966723630043062,0.872562823263756,0.5407869190119058,0.5509139739396773,0.5607294719089428,0.5702429979114977,0.57946384205865,2.802137204830674,3
2021-08-09,16258.25,0.1233969090396609,2.7044247636614247,0.026599063227334373,0.09675591962526728,0.8725305180377639,0.49762734007124976,0.5089424949687258,0.5199101211509057,0.5305408924626508,0.5408451549170225,2.5978660035705543,3
2021-08-10,16280.099609,0.13430067933179088,3.332852362031358,0.026414967129211726,0.09641551046665701,0.8730883134465254,0.4608728683188029,0.4732329753021277,0.4852161462864371,0.4968338763783306,0.5080973101276126,2.424253176413311,3
2021-08-11,16282.25,0.013207836835775439,3.581627321947961,0.026329532283930562,0.09697322033206911,0.8725159636320281,0.4274514081189235,0.44073904912545003,0.45362127336167524,0.4661104504240957,0.4782185725027249,2.2661407535328695,3
2021-08-12,16364.400391,0.5032710150003034,3.646317021310277,0.026495073746684486,0.0974507149641946,0.8722817800605,0.4192237042159283,0.43302992240949123,0.4464182608251903,0.45940136764128114,0.471991508207221,2.230064763299112,3
2021-08-13,16529.099609,1.0014172671459116,4.745385898073961,0.026702862282285064,0.0971496176766058,0.8722354023258778,0.47700428915494686,0.48910367466602367,0.5008326377316966,0.5122025188277224,0.5232243112414192,2.502367431621809,4
2021-08-16,16563.050781,0.2051917660962706,4.178962273369094,0.026535205532156044,0.09717295879072468,0.8723456367843773,0.44336825472384644,0.4563889731746037,0.4690128018403607,0.48125183847916614,0.493117812092413,2.34313968031039,3
2021-08-17,16614.599609,0.3107445456480283,2.955441508555987,0.02680116536731211,0.09853066448810513,0.8709848926097659,0.41813510905493545,0.4321896585648869,0.4458157629627871,0.45902648315919103,0.4718344819100717,2.227001495651872,3
2021-08-18,16568.849609,-0.2757400455079796,1.8890114232059512,0.026617066847296943,0.09829292847323812,0.8713006569675598,0.4023372102052305,0.41672064504643436,0.4306667312050713,0.44418876688649045,0.457299645945296,2.1512129992885223,3
2021-08-20,16450.5,-0.7168531010566922,0.9522131300863871,0.026615545714593472,0.09785401374586183,0.8716525431523968,0.4387781442087151,0.4520138335485924,0.46484592114867196,0.47728671421564184,0.48934814466708354,2.3222727577887046,3
2021-08-23,16496.449219,0.27892870132191205,1.5778655738549845,0.026402555499393944,0.09772011134140697,0.8720151975368344,0.41265297142772883,0.4265667122063867,0.44005935791803025,0.45314365287479563,0.4658319556861485,2.19825465011309,3
2021-08-24,16624.599609,0.773834368327348,2.2283030331426716,0.026393843310520047,0.09747312106581627,0.8721510191267089,0.4339629571455712,0.4471748025082002,0.45998532670829584,0.4724067202212292,0.4844508032262002,2.2979806098094966,3
2021-08-25,16634.650391,0.06043901955667482,2.1544413733675554,0.02610388720401386,0.09726471390861817,0.872624143995418,0.40392292822811937,0.41786423474443857,0.43138575259924145,0.44450012210856527,0.45721960297409486,2.1548926406544595,3
2021-08-26,16636.900391,0.013525068417592554,2.154758604949373,0.0257229585563603,0.09717490289863545,0.8730178900412849,0.37707419406474835,0.39155762404160804,0.40560934342220734,0.41924222029367897,0.43246873918141804,2.0259521210036606,3
2021-08-27,16705.199219,0.4096857986002622,2.0611733885493315,0.025524502698036623,0.0973294713830931,0.873052311811997,0.36454528855946366,0.3792726098657377,0.3935637341766069,0.4074315808692509,0.4208886866719349,1.965701900142994,3
2021-08-30,16931.050781,1.3429258984363819,2.402682019839802,0.02608332287434629,0.09642643169658804,0.8732388782455015,0.5022815613457033,0.5131283287348244,0.5236460627970663,0.5338447446564185,0.543734052662568,2.6166347501965808,3
2021-08-31,17132.199219,1.181042772570925,3.3785330263144564,0.02649140483489925,0.09737878051530459,0.8718290215701988,0.5842016312367638,0.5927041838206489,0.6009449241225926,0.6089319139181969,0.6166729667432738,3.003455619841476,3
2021-09-01,17076.25,-0.32710789389873646,2.7406805867676916,0.026340290303970157,0.0970581389009823,0.8722414798856251,0.5506843220333392,0.5601183937226472,0.5692628358146989,0.5781265400485409,0.5867181251834411,2.8449102168026674,3
2021-09-02,17234.150391,0.9204293972845032,3.9368500295601745,0.02652259887377054,0.09779756498922158,0.871257050448043,0.5760135076416304,0.5847111470081006,0.5931396345795873,0.6013072993618921,0.6092222126165291,2.9643938012077395,3
2021-09-03,17323.599609,0.5176807967238615,5.171383927340728,0.026440421113239534,0.09794792397717272,0.8710398078928151,0.546221064077825,0.5557219310936224,0.5649281546740584,0.5738488723803531,0.5824929383972279,2.8232129606230867,4
2021-09-06,17377.800781,0.31238633293056856,5.204841558949385,0.02643333685700123,0.09760648625695906,0.8716278325021103,0.5092874504973431,0.5200522119923369,0.530485788266541,0.54059836845889,0.5503998282325178,2.6508236474476288,4
2021-09-07,17362.099609,-0.09039273511342508,4.340614455508612,0.026220755474745724,0.09750894772955582,0.8717979805548368,0.4718160000109515,0.48355527316079006,0.49493423195795155,0.5059639355567028,0.5166551036718957,2.4729245443582917,3
2021-09-08,17353.5,-0.049543198289861534,4.230632237662075,0.02607802448371012,0.09776084447485982,0.8715720808739166,0.4376326643383419,0.45028977523497427,0.4625587295668707,0.47445143096037845,0.4859794179924468,2.3109120180930125,3
2021-09-09,17369.25,0.09071862729865193,4.307825796543135,0.025960898945000106,0.09818215023112545,0.8711520396118279,0.4058614641816563,0.4193762925160007,0.4324766776903391,0.445175328939937,0.45748456576106417,2.160374329088997,3
2021-09-13,17355.300781,-0.08034211781922711,3.817797880123645,0.025960689592871584,0.09839461266164508,0.8712514377286197,0.3831250755032523,0.3974564058600722,0.41135272373740067,0.42482723348211987,0.43789273863703193,2.054654177219877,3
2021-09-14,17380.0,0.14221395875354403,2.6170859404408073,0.025791956220442804,0.09886922877377677,0.8709072596427005,0.3582814027863502,0.373244836879519,0.3877560234490436,0.40182863100319355,0.4154759149399203,1.9365868090580265,3
2021-09-15,17519.449219,0.7991527905148359,2.2351959583847183,0.025932235629027495,0.09861933777258546,0.8707881556634709,0.3893555474596155,0.4033764209472768,0.4169683607707346,0.4301444890859266,0.44291752660914874,2.082762344872702,3
2021-09-16,17629.5,0.6261987516487083,3.188502603932163,0.025968778010247297,0.09863347833102325,0.8707789387254296,0.39449149723581695,0.4083937338538396,0.4218707346562076,0.43493550657870295,0.44760065870638044,2.1072921310309476,3
2021-09-17,17585.150391,-0.25188171374899665,2.016191492898663,0.026429382925439227,0.10044020519880154,0.8689007506810335,0.38056975567679496,0.39533123367213896,0.4096401388623448,0.4235103466970129,0.436955307217722,2.0460067821260135,3
2021-09-20,17396.900391,-1.0762766217722037,0.42223407440259764,0.026641422740755673,0.0997083790737933,0.8693707470984532,0.4922430524044048,0.5036638898291756,0.5147315849809279,0.5254570573273287,0.5358508886965634,2.5719464732384,3
2021-09-21,17562.0,0.9445425034134383,1.0543902448854674,0.026728872123385834,0.0999072721521868,0.8689651311339875,0.5293255960157927,0.5395778344560935,0.5495109453528106,0.5591348623794211,0.5684592099980199,2.7460084482021383,3
2021-09-22,17546.650391,-0.08744061538716615,1.0573423646117264,0.02638252964567556,0.09932078868004664,0.8697509616745325,0.48782290502045816,0.4991179260769065,0.5100636119023708,0.5206707668240848,0.5309498610103522,2.5486250708341727,3
2021-09-23,17822.949219,1.5623838070083649,2.669269369909953,0.027032703755039123,0.10031268300208517,0.8682423797241888,0.6732729870065151,0.6791346639170401,0.6848120207647949,0.6903108534825915,0.6956367757504982,3.42316730092144,3
2021-09-24,17853.199219,0.1695811267403103,2.748131869351611,0.026761384939354604,0.09962914504832716,0.8690426099637877,0.6103213839976872,0.6179624710978172,0.6253641763493005,0.6325339991653371,0.6394792040156734,3.1256612346258157,3
2021-09-27,17855.099609,0.010643968288432957,2.839117955459271,0.026565714651370222,0.09931173799550858,0.8693646714793091,0.556160558185594,0.5653053272461017,0.5741636493051109,0.5827444969112034,0.5910565615605237,2.8694305932085333,3
2021-09-28,17748.599609,-0.598254226287946,2.098649770417781,0.026572203004021154,0.09918360744548418,0.8695258348520766,0.5561927177573045,0.5653613404326643,0.5742430717911488,0.582846888822063,0.5911814876197102,2.869825506422891,3
2021-09-29,17711.300781,-0.2103719488531679,1.0891250310497775,0.026473853211240805,0.09910126994817882,0.8695726111674115,0.5176653927630706,0.5279227983382707,0.5378588792069766,0.5474837012251443,0.5568070149245297,2.687737786457992,3
2021-09-30,17618.150391,-0.5273255188757611,-0.06439923947469195,0.02646993868442724,0.09899346083115222,0.8697970687829542,0.5136052835258162,0.5240458733240061,0.534160617844078,0.5439596865445898,0.5534529315006838,2.669224392739174,3
2021-10-01,17532.050781,-0.48989638367495153,-0.30241390940064683,0.026463262347320743,0.09917360121543417,0.869485988087824,0.5045076761190698,0.51515946069716,0.5254774139719196,0.5354719983534986,0.5451533483558155,2.625769897497463,3
2021-10-04,17691.25,0.9039488038526503,1.677811516224207,0.02662687064367142,0.099637937025376,0.8687172237944172,0.5323867805350672,0.5421663571270383,0.551636460590506,0.5608068841528523,0.5696871111363538,2.7566835935418177,3
2021-10-05,17822.300781,0.738035893203974,1.471304906014743,0.026670626428883668,0.09974282011520393,0.8687852893530005,0.5329757591198774,0.5428726308016396,0.5524580292212262,0.5617417570310479,0.5707333083755118,2.760781484549303,3
2021-10-06,17646.0,-0.9941397198038419,0.5646058015980672,0.02684172674170339,0.10023871828624234,0.8680968071083817,0.6056574425502594,0.6133213445827732,0.6207425731840004,0.6279288124806433,0.6348875032855694,3.102537676083246,3
2021-10-07,17790.349609,0.8147024680235969,-0.1830755373867008,0.027143653285264753,0.1008923093103375,0.8674885294846996,0.6091373977493183,0.6170206374591757,0.6246546157418298,0.6320472140345295,0.6392060645700888,3.1220659295549416,3
2021-10-08,17895.199219,0.5876323338627314,0.23497566973572026,0.026965968239662692,0.10062763592225028,0.8677599858131053,0.5802645737633886,0.5888869988036705,0.5972368484820203,0.6053227395538853,0.6131530163785798,2.9848641769815445,3
2021-10-11,17945.949219,0.283194239745241,0.5075259411925284,0.026776738561763748,0.10034910620988963,0.86807379092549,0.5334723474794771,0.5434035748494509,0.553021202831191,0.5623351339848381,0.5713549581763726,2.76358721732133,3
2021-10-12,17991.949219,0.25599730157265277,1.361777469053127,0.026640874541705894,0.10028567231304848,0.8681465418575018,0.49191558549554976,0.5030277741881638,0.513789175688033,0.5242108635701296,0.5343035618411828,2.5672469607830593,3
2021-10-13,18161.75,0.9393341937088471,2.5114836116151418,0.026735395399617203,0.10048738654674844,0.8677480767189174,0.5268225008885435,0.5368236236062128,0.5465070652939321,0.5558829169424471,0.5649609490068571,2.730997055737993,3
2021-10-14,18338.550781,0.9687709962363921,4.007580126727295,0.02689404570414925,0.10096833284562565,0.8669996132194283,0.5621778368587017,0.5710641717715618,0.5796658591252091,0.5879920167656127,0.5960514704754082,2.896951354996493,3
2021-10-18,18477.050781,0.7524019573600329,5.249878467762279,0.026972154869721682,0.10119733145272677,0.8668668020069313,0.559598687016304,0.5686995729013224,0.577509814109318,0.5860386926299068,0.5942951940243234,2.886141960681175,4
2021-10-19,18418.75,-0.316029620114036,4.029900043795593,0.026885283935689317,0.10123785701445404,0.8667441814914871,0.5273598559089004,0.5373601522845862,0.5470402595559861,0.5564104295255119,0.5654805857537606,2.733651283028745,3
2021-10-20,18266.599609,-0.8294933264891897,2.4623708241024294,0.026981570919740044,0.10134774648338278,0.8665832700109668,0.5692052641390304,0.5779330008317665,0.5863808478804616,0.5945577810614939,0.6024724883072168,2.9305493822199686,3
2021-10-21,18178.099609,-0.48566829116848076,2.970842252737791,0.027575771656088037,0.10335446444399134,0.8645488422040055,0.5563047279196645,0.5660249573134455,0.5754331994850632,0.5845394681927172,0.5933534557860807,2.875655808696971,3
2021-10-22,18114.900391,-0.3482725698100986,1.8078672149040953,0.02727378176831465,0.10255545296911495,0.8654997439588594,0.5267675345286631,0.5372138311417232,0.547326422866647,0.5571159698403704,0.5665927916638538,2.7350165500412578,3
2021-10-25,18125.400391,0.05794654054869894,1.2781814215900629,0.02692463286360887,0.10179890048837183,0.8664391050955448,0.4823758095923544,0.49397922468523714,0.5052140921727323,0.5160921178618242,0.5266246357597212,2.5242858800718695,3
2021-10-26,18268.400391,0.7858521663390403,1.780839348183862,0.02671581149012982,0.10119282235104478,0.8670969665904086,0.4945210209087104,0.5055554664529371,0.5162400074000424,0.5265857392986512,0.5366034058551999,2.579505639915541,3
2021-10-27,18210.949219,-0.3149794067763216,1.2098626398348877,0.026428205490041174,0.100587781609345,0.8678009844770256,0.4705683866278529,0.4821213447758418,0.4933090996614202,0.5041431958103423,0.514634812811658,2.464776839687115,3
2021-10-28,17857.25,-1.9613430401316454,-1.6908145940056047,0.026793262065607077,0.10014245330445826,0.8683298505558775,0.8565719459418233,0.8563594679740157,0.8561536889470135,0.8559543976586466,0.8557613895654625,4.280800890086962,3
2021-10-29,17671.650391,-1.04479055232498,-3.704376142566977,0.02689873495750951,0.10062894569271523,0.8678283482552703,0.899617397227993,0.8981397650654617,0.896708741419886,0.8953228561325162,0.8939806854173877,4.483769445263245,2
2021-11-01,17929.650391,1.4494106171287802,-3.0073674827982297,0.027047930862134244,0.1018762813694057,0.86648906767623,1.0009844656243863,0.9963666023057522,0.9918948234813582,0.9875645078192189,0.9833711801815737,4.960181579412289,2
2021-11-02,17888.949219,-0.22726287437860584,-2.9186007370627998,0.02680753076324967,0.10081712075551763,0.8674701908504164,0.8999763259133493,0.8982431878908725,0.8965650123344465,0.894940056236512,0.8933666318649652,4.483091214240146,2
2021-11-03,17829.199219,-0.334564126900855,-2.4236715374744646,0.02670621577692492,0.10020549007334358,0.8679065658915368,0.8228302185566122,0.8232980703737987,0.8237510033584219,0.8241894932413798,0.82461400058349,4.118682786113703,3
2021-11-04,17916.800781,0.49013448985781355,-1.4478687564481705,0.026718271155255942,0.09994697695388649,0.8681384114679918,0.7574432717000203,0.7599880350465084,0.7624515832592351,0.7648365082876486,0.7671453193601373,3.81186471765355,3
2021-11-08,18068.550781,0.843403734841185,-0.25619245179688677,0.0267461962472087,0.09999696699466624,0.8679080960734812,0.7412349405449912,0.7441912481237228,0.7470526731971641,0.7498222610133378,0.7525029590832244,3.73480408196244,3
2021-11-09,18044.25,-0.13458266399921015,-0.4487216563447959,0.026772323705198074,0.09974149398627923,0.8679149254604699,0.6738962805478105,0.6788723856185743,0.6836875456341405,0.6883469661338664,0.6928556842913278,3.4176588622257196,3
2021-11-10,18017.199219,-0.1500260619561182,-1.3845998846399545,0.02682952244300123,0.09966452949246625,0.8676714038618287,0.6159280033309961,0.6226388124242376,0.6291304192020108,0.6354099837033573,0.6414844320913258,3.144591650751927,3
2021-11-11,17873.599609,-0.8002071893060599,-1.8698276671696927,0.026967900687019875,0.09992104078799026,0.8671027047117292,0.6382600810246335,0.6441805548424153,0.6499057936088197,0.6554422354445884,0.6607961061653548,3.248584771085812,3
2021-11-12,18102.75,1.2739118474074118,1.3654272203693645,0.02694182718520018,0.0998935802182438,0.8673098821574687,0.7226596361852584,0.7259007294227549,0.729035526023944,0.7320675121504576,0.7350000596298968,3.6446634634123116,3
2021-11-15,18109.449219,0.036999791346067366,2.447217564040412,0.026997147033502485,0.09965689182495745,0.8672792137366432,0.6531323752694577,0.6585344223927498,0.663757856800206,0.6688085841238083,0.6736923147323458,3.3179255533185676,3
2021-11-16,17999.199219,-0.6106589272923892,0.3871480196192425,0.026257912342727546,0.09827287351086565,0.8698101445160878,0.6431113164967753,0.6488430565442131,0.6543918567478826,0.6597635559954795,0.6649638068150263,3.271073592599377,3
2021-11-17,17898.650391,-0.5601956219854977,0.05421527201235066,0.026332542625773753,0.098765327710375,0.8696451967302289,0.6283944932262874,0.6348763833666302,0.6411535139968061,0.6472323533623567,0.6531191653803399,3.2047759093324206,3
2021-11-18,17764.800781,-0.7506297572156689,-0.36185035830246326,0.026254686027860817,0.09878812405768175,0.86957073516441,0.6407429860097332,0.6467238330148027,0.6525154391978136,0.6581237923542578,0.6635546908189467,3.261660741395554,3
2021-11-22,17416.550781,-1.9798066849019949,-2.8317915330622716,0.02641777624010957,0.09944505172963639,0.8692265371849263,1.0087173954410011,1.0035336584477035,0.9985123196978904,0.9936482915126309,0.9889366456018903,4.9933483107011165,2
2021-11-23,17503.349609,0.4971320410018221,-3.1780632269016347,0.026403501834336134,0.0991449028015971,0.8692909146223614,0.9183654122846158,0.9157814605740786,0.9132790691871007,0.9108556637387379,0.9085087511024031,4.566790356886936,2
2021-11-24,17415.050781,-0.5057449093952323,-3.549225472297657,0.026337678461488302,0.09864520235159184,0.8699069716594805,0.8594530958826729,0.8587628429391978,0.8580942969501775,0.8574467752790854,0.8568196167568299,4.290576627807964,2
2021-11-25,17536.25,0.6935347302592529,-2.7056646800822857,0.026328093186728865,0.09835443746381353,0.8701596749107086,0.8099885941481944,0.8108134774816543,0.8116123886311729,0.812386145354015,0.8131355396596321,4.0579361452746685,2
2021-11-26,17026.449219,-2.9502195642430973,-4.8556770550193225,0.026600812646738737,0.10042034527771145,0.8688126893662907,1.6602190368105934,1.6357399478684125,1.612014006207662,1.5890180397720264,1.5667295894390436,8.063720620097738,2
2021-11-29,17053.949219,0.16138312478103226,-5.968205777645703,0.026415174255232984,0.09897124140379757,0.8702246601284054,1.459665069425529,1.4411165771521743,1.423139454461237,1.405716100827839,1.3888294578954035,7.118466659762183,2
2021-11-30,16983.199219,-0.4157228507192477,-6.420928419711018,0.026754440005058062,0.09874904155239644,0.8702689049254435,1.3202250799623498,1.3060762358787164,1.2923657520397587,1.2790800471449144,1.2662059606702016,6.46395307569594,2
2021-12-01,17166.900391,1.0758559769574283,-4.7344135154612,0.026652347400104803,0.09896098661548065,0.8700815953285065,1.2735734130034868,1.2607992158322194,1.2484204748231131,1.2364249476744327,1.2248007710744961,6.244018822407749,2
2021-12-02,17401.650391,1.3581917861366246,-2.816026107339077,0.026602136116813297,0.09980474636951508,0.8693323124261791,1.2988899868993067,1.2854045577195852,1.2723353285477523,1.2596694542274354,1.2473944860415673,6.363693813435647,2
2021-12-03,17196.699219,-1.1847592248946048,-3.250155575018013,0.026611828530239065,0.09984007429544543,0.8694267117019415,1.3169007888313555,1.3030400235982307,1.2896052442292554,1.2765833588097046,1.2639616777814706,6.450091093250016,2
2021-12-06,16912.25,-1.667924810937561,-2.9382737010535798,0.02658569786362053,0.10070841919127538,0.8687674212855261,1.482444065588563,1.463779404309939,1.4456844661296306,1.4281418607289003,1.4111347286138742,7.231184525370907,2
2021-12-07,17176.699219,1.5515557397033817,-1.8838500023520202,0.026734503240769748,0.1014568370539076,0.8681682118051751,1.5382605133518998,1.5182704286576032,1.4988875418091987,1.4800934092017843,1.4618701474540563,7.497382040474543,3
2021-12-08,17469.75,1.6917044978751798,0.3135994049183919,0.026638973461958832,0.1025288884225754,0.8673737214738141,1.6315743461661731,1.6091071900485252,1.587316236693069,1.5661811341614817,1.5456821430556673,7.939861050124917,3
2021-12-09,17516.849609,0.26924387039235737,-0.11069145494850369,0.026620058497860245,0.10218925256433024,0.8674255026658563,1.44156592904613,1.4243836539380998,1.4077234664649296,1.3915695028660426,1.3759063814051105,7.041148933720313,3
2021-12-10,17511.300781,-0.03168210701753855,2.807846002277055,0.026680890763451363,0.1018427411515974,0.8674733297256844,1.2756953017825088,1.2632328483238808,1.2511527919038727,1.2394433990788545,1.2280932964333493,6.257617637522466,3
2021-12-13,17368.25,-0.820260467044419,1.8262024104516033,0.027080702581897573,0.10249352732926215,0.8667362666033764,1.2185342656876208,1.2081204178141693,1.198027006185738,1.1882441709130362,1.1787623554975986,5.991688216098163,3
2021-12-14,17324.900391,-0.2499031138530931,1.9920221473177584,0.027100432759072587,0.10234724862574317,0.8666113004828927,1.092184666379247,1.0853821024526071,1.0787906999800314,1.0724039042036135,1.0662153638346425,5.394976736850142,3
2021-12-15,17221.400391,-0.599197641003905,0.31696852935642483,0.02748351718764361,0.1030178327632787,0.865560626798039,1.019520986221945,1.0149695835129304,1.01056119288819,1.0062913206877342,1.0021556144492931,5.053498697760093,3
2021-12-16,17248.400391,0.1566589008895699,-0.8845643558906299,0.027683810395759005,0.10300378864197039,0.8652242245962027,0.9086509177615542,0.9074650832270712,0.9063169250117196,0.9052052460639866,0.9041288873650644,4.531767059429396,3
2021-12-17,16985.199219,-1.5377077563380344,-1.2375128873340593,0.02730954599953903,0.10260248614698393,0.8663015960325472,1.0871240848412766,1.0806285096379389,1.074334920307321,1.0682370359133235,1.0623287708313207,5.37265332153118,3
2021-12-20,16614.199219,-2.208462628103773,-1.7780507045002716,0.026967598905410686,0.10302648990788439,0.8667757219242046,1.513952991945088,1.4952025591035658,1.4770183478610486,1.4593832595776333,1.4422807119545231,7.387837870441858,3
2021-12-21,16770.849609,0.9384532608087859,-2.3911531833948674,0.026871209132095845,0.10279850604758496,0.866982319706864,1.4138250701311719,1.3979716531162454,1.3825973132724803,1.3676875732833642,1.3532283933249352,6.915310003128196,3
2021-12-22,16955.449219,1.094703302218648,-2.9881543790513994,0.026837366692758068,0.10290660167146841,0.8668959286847616,1.3585525707626316,1.3443650874403195,1.3306060302149543,1.3172624617024788,1.3043218351950987,6.6551079853154835,2
2021-12-23,17072.599609,0.688554629980457,-2.5688436194632995,0.026840233065981475,0.10271448533450657,0.8669182359378965,1.2407103873209364,1.2298736222349183,1.2193659402147727,1.2091773479033139,1.1992981554144189,6.0984254530883595,3
2021-12-24,17003.75,-0.40409083412241187,-2.941252346568173,0.02686394316713314,0.10264240694982392,0.8667707007105832,1.1249939268540772,1.1174478018978289,1.1101324894531983,1.1030409296827421,1.0961662786875048,5.551781426575351,2
2021-12-27,17086.25,0.48401385192229907,-1.6369780276014545,0.02702355279401444,0.10232263331441656,0.866807017292613,1.0175994348725044,1.0132093375699154,1.0089547641049263,1.0048315308093196,1.000835583166177,5.045430650522842,3
2021-12-28,17233.25,0.8566610759914585,-0.5304138377569032,0.02706382922932822,0.10279261680193363,0.8661940169940928,0.9683633952291975,0.9653950158637594,0.962518695934614,0.959731580368751,0.9570309026385848,4.813039590034906,3
2021-12-29,17213.599609,-0.11409109021339497,-0.045307286966393134,0.02707229835788493,0.10212111477564247,0.866654115436483,0.8696697335560383,0.8695867946921536,0.8695064455752003,0.8694286053409266,0.8693531956500482,4.347544774814367,3
2021-12-30,17203.949219,-0.05607831226525448,-0.25804450012121755,0.02760481818148442,0.10233565887460376,0.8658237182289723,0.7809679440023184,0.7837062563846295,0.7863573791950029,0.788924088603719,0.7914090723860674,3.9313647405717376,3
2021-12-31,17354.050781,0.8686990331327928,2.1483622893496097,0.027491490310565903,0.10263304813202614,0.8656458946951251,0.7659015090826775,0.7690977938348607,0.7721926890556791,0.775189410928254,0.7780910736149778,3.860472476516449,3
